pool_id,total_stakes,total_rewards
1,88780177647735744,56944540649691
2,2038800492421032,516486512769
4,2688410032960260,2286132292260
6,116709132877546366,98025595508933
7,7040655264260394,3121448278908
9,10956765189527280,11327469964116
10,54223630529909148,31547025871200
11,9252199667591184,5211864913450
14,194969508067672,38709895670
15,8418226156545640,9056296468440
16,11706563983640885,5856402287518
17,9015658381584,19658767905
19,175903971605825026,140862693306578
21,2369333124288840,1613322270552
22,7366849918792938,2844990837504
23,93224110615614,91101594425
24,407739588994934,184920425307
25,33410284785892895,26975383413216
26,176305382995200,186375635072
27,118220809422012,49506053124
30,35383733325985860,22870232348700
31,1617648726896761,1285018823264
33,777503390227421,625814384052
34,6482229958230,10922108805
37,49044770106846210,39457477233449
38,1126056001280022,1415170737024
39,74388997392035728,45335127848520
40,264736760541760,77231646428
44,8184683191032672,4102787127249
46,114322995302608118,70841333762215
47,154866457113923,120125947260
49,1762212178244134,1202328849000
50,12032057938994328,8688047507070
51,204436982017189152,167040051791284
52,215877049522375920,136293496000896
54,43056089049994956,36563816604818
57,52598020608902496,33473376029940
60,2481626312768840,2467140820606
62,3645901019073232,2614458750708
63,128828404890045,100450592426
65,88085649144692508,45439856421492
67,13919270578239873,8311981800722
71,10835971476827816,7356743584945
72,17058580242400,13107072654
73,6924452119164412,5777690017416
74,5031110807555128,3793992785213
75,8391672708227484,5715078893230
76,5669016127960227,3808734836306
77,232539129078948,178573517255
81,13972349154282396,7629116748592
82,4179347454964566,2882292432899
83,289592890479499530,171380351442625
85,299084761485048,314287006020
86,133339650524192,25531364215
89,1456388592009480,1611945559512
91,14766359612874236,11051312717944
92,162509639399306895,104846017793730
93,4025177132358213,3178602734934
94,2886067451825146,1552171571446
95,8182273255464800,4476603073620
96,1214823734565236,767349365252
97,7618780093796624,4630305841374
98,3309802007893572,1879059532762
99,3741103637975790,2628208053065
100,4465184786916105,3704244560294
101,1855996604769124,1223099692465
102,8647204473229504,7327677380151
103,2680664796623734,1712339217190
105,1658163104200106,914468838897
106,5652412535408968,3902270208310
107,191960147932426,203823884800
108,38402412987471342,28421797324640
109,413698148689416900,282067155894735
110,5184503784244368,3490930049880
112,3803418470451348,1928786485704
115,103526791142719930,75322611563135
116,22908741016631470,16190194890678
118,11715655045030326,8960451246461
119,727644038174160,513882332548
121,174413421396643,451396632390
122,45955018826453088,40320046343198
123,21484851605342970,15446641320000
124,38078332579167426,18856410663173
126,40479590635955506,31476187909125
129,58227640422600,69906089880
130,22801862004899400,15836418623565
132,28950408949664566,24594239344430
133,25962410965598926,16822272277944
136,30598172315760,16765140197
138,58353939776578,48821381512
139,42800977551751300,29175842874942
141,3249914538972360,1253447208010
142,6453329916005350,6231023340512
144,17925386623875361,11673129042573
145,45340538240997560,34905005714223
147,708574907032670,571877036201
148,29347480102042080,30583797052432
150,10481151870508155,9373917833934
154,2975457677953350,2210659701432
156,93729448051003746,75270185571672
157,324869974471008,384877642336
158,264695360498057688,181717276414212
159,27056863293303957,23869228233240
161,28831533829646416,13871301827149
167,232486641984797772,152245172041086
168,36512699638667940,23779691135625
169,544995624012843,405053552211
170,244011745207380,137578761054
171,170521615820231,87457093860
172,12101344144224,19659673269
173,16944312235094208,9100242805920
174,21257899070828010,17381461645296
176,29701581931438009,22152365435200
178,846355778620876,881118583202
179,108524728457858380,56957618229842
182,19853885982248800,14412478567212
184,15778654547154248,12891346533174
186,5225704290756294,2986400490313
187,3235756467360170,1892720036610
188,8261856103281660,4620112290352
192,1479717489312,6551684361
196,233832262949382,362069349371
197,19307327577008208,13790372763504
198,1392147333579332,909101510512
199,9426536417217105,6933213085248
202,113716111945387955,69637187825324
204,1592408552514340,705590148824
205,33691151308448816,21485937843937
206,14599272220864954,11549516053728
207,31076899352879130,24776928009247
208,292139501843000,460964298964
209,7189504641892005,5750061319587
211,59261581056226500,43723603234938
212,26801105085400159,18698718569650
215,9419832240815398,7430982655838
216,29922022435003188,18360421035294
217,421885363748,3639437545
220,28448536121308926,20848390609530
226,28064189056756704,19679520584276
227,3981215710620226,2128388224252
229,1180000000880176,1195352739945
230,71327512150255269,50497206652064
231,24885781384360858,16982573700478
234,38657685812694910,32968698138480
236,875333030471140,407412405708
237,7036212045995652,4894448270844
242,464295458087854,489349404144
246,2069986978830915,1245256222230
247,233496680946210,75033289105
248,12972642730368240,7579691539398
249,7742161848799847,5465886419574
253,2196478454831384,1266493476012
254,40116288038342820,26107353320140
256,18883076460294942,16956358839342
257,3267844673651768,1641700399944
258,908248341963074,1103468340918
260,7099680709594516,4844529690205
261,2033097285446598,1967647460850
265,378536816849746,317905553946
268,2442148911097545,2463187810407
270,117249361150987680,66355638358867
271,26713233383847818,18327135462552
274,1999002994302000,1118101277184
275,38754823686104084,26207456205960
276,196866371689010784,115765907112663
278,118075351243128,120139379008
279,907454150595195,881316989300
284,122392343700129,139751640128
285,2603166915200760,2146665886487
286,481298764952040,280304040416
289,3740599279103274,2675779737700
295,2034387205122002,1936353483750
298,4357518265304961,2210401245540
299,9594991302572000,7636383321164
300,129337261047748,38597521201
301,251324642802599583,164974942204616
302,7497604033410222,5542058285616
303,11036201437333590,10187884620000
306,70306098744600,45867884013
307,26350943730840,22586625575
308,12514999233600,25479237490
310,13834942356470451,9704070604980
311,27285044646139875,15793015897095
312,38889692830185930,34912997358912
313,120937377067270,131046064800
315,2648307173338695,1808598999075
316,218449358266987848,141595297315360
317,38635975009674,16776964612
319,21975781646384,11662983216
321,579589890340104,470983054857
322,201193895848640,123914839570
324,243551998666047,187977152154
326,393837155286967,426682411128
327,2075277163382496,868538732788
328,29440810842849,67722130536
329,11692219767453891,10796550561333
332,23661634109236632,12412761792431
333,772500124195920,437118576840
334,27707882040510438,22467047506184
338,183248543821566,51079567770
339,80507012241448180,64036918674963
341,253246099609216,42953995498
346,4977484379417225,2666591188218
347,9200431626526869,5940976396446
350,104716554054613668,99879991196960
351,323584844027980,218467804780
354,589645395192,10190641020
355,464284455530200,619419867468
356,16447950985062080,11351335446324
357,10938079723359516,4083973245702
360,226266355598274368,109734399780878
363,72171037271937752,47412876369474
364,48228272080429,37160711604
365,114085824944616,146111813600
368,211328299902094,262271816280
372,96512852403058735,73140097662148
374,429284401003472,299976533487
381,104615303964333057,78252349373325
388,2735539476317486,1621253277827
393,404825879308158,227547349744
394,2811232693407168,1730202087834
396,53226656895759200,28025705101592
399,12876951635776448,8286423646096
401,10788722375557960,9843529182890
406,8439355117018,10194055312
410,17089020513422,10926508890
411,5764251727543424,3501573049280
415,62049629111046,22573183355
418,33912583789404380,19327682850000
431,8258563724789235,7442635474818
432,207887636212940472,129871116688170
445,123289039192367130,75675356190639
447,846029261016240,663983076129
449,465598829913132,440919874505
451,78771490238220,91835979522
455,967000898905560,1066317452780
456,5003842380939,8739948408
460,573765163629295,282757268151
465,48955393724600803,28329774731976
466,298952422760538,40184991330
467,27507828618749700,23708584836828
468,179306117688302756,113986102437942
475,19461055578444,14571276460
481,305043086363016,214234498506
483,182892549264847245,129665189636619
485,35548422546900,77156942822
487,805947743359365,135505172724
493,28832954615200189,15884493340674
495,36574926627608025,27993656661828
497,10716657773757,9465590771
498,151161982613,5500000000
499,114020011221059466,79017897687552
500,154404811450692,34974845424
504,1223813292638400,404002781885
506,55013495222247,46675417056
509,52825125634517972,44093800871493
517,2301535205819576,2050899809144
522,95234205088384615,53119466573625
524,105345535949236,99032533108
526,31092332461664,46644941824
528,49942881782161747,32515541118200
530,39067211436803260,34266217734342
531,60554744028122295,33439243194122
556,5025781310413453,2971111184111
559,1487516738595,3640451870
561,5500059250966405,3737734034426
568,56563072569611109,50793141029286
571,6702450239247900,3008172440832
572,87306546657576,76440223083
576,20029246618985319,12625863408402
577,919162658683632,786211782840
582,312645758088714,166336861920
584,3459572051846838,2870582848200
587,364866692507479,198714799283
590,130659274976280,172240463805
596,1163191039795860,330828565301
598,59578919118457,17476535904
601,32149023029088,21845187480
603,29921145222762,43690911540
608,37503753925978,2613816213239
614,632822026216884,327578496300
622,138356991798165,356672377530
628,137134674813063,37185223377
629,17065477381879872,16196877718140
633,2833563622728,5829288032
639,9132872139190,7280266030
647,51319766937060,22603308969
652,288057386703406,50334972288
654,568789343572710,723535465418
655,36307612285901,20382749884
666,25849950523428,34973063880
670,669282343595136,559802810112
672,18961939124572990,14979077958790
677,2549272117640495,1478239158900
679,1189960273944126,924691926147
681,5436086389582845,4011964828112
695,24698682937910,26222364252
696,47141082067027,18929287416
697,5011840848329142,3133177894085
698,8631682712981100,5759692416352
699,924386482730364,433869410164
700,2293535614785255,1172030486842
701,19975897687830500,16670337320360
704,220793769075014,128861928851
706,7726041384864,10195537352
707,107320000849568,113557934932
710,28803821691799125,15628287525344
711,51459614645822556,40500380989984
713,1136419637573536,611807094570
714,19782523757318570,16607482443288
719,830616249079552,764990174200
721,5717823258829810,4032049980894
722,25575733524888,14560296150
727,2290363594640685,1437469074330
730,1325332454435204,1192534643040
732,109676284351500,168153034126
734,118450663942826,46641212032
739,90548393337168,58973705316
740,270360111033550,227146653760
741,231799555643497127,187445026024718
744,36007109199105520,22454814769111
746,10225895457435,10194938026
751,19306752369531,16020024130
756,213918238342080,360834298275
765,437938846931990726,250790317134396
766,6488031697545200,4348927264723
771,42994498830747357,29503136084472
776,287228535585327644,282487081498160
778,24119841342147180,13212124110450
781,95995438758592,58255702192
782,129731053002076818,95146250307444
800,2338130704638798,1957404695040
801,9135144844946736,5291838065475
802,5168774784225705,2934649927820
804,429647227530210,251172210825
806,1657918997924046,995309079377
808,465203521352350,371298107600
810,296214687889308,248988117564
811,287252613060498,222778866138
814,49032855390288189,23519967398571
815,383981710673280,267917067896
816,69496614338658,71356872874
819,7055682540302300,4153118823630
820,201875263220345,343279416543
821,138659065343297730,103346266628880
822,11912216644048,5101582892
827,13397925447720,17470824324
829,3634248985199,5823589784
831,184052970220392,61154891084
832,21725917958980616,22745866508560
833,406571396989315,72087373413
848,27191240183628,14571113860
849,443964367293083,428451610580
852,2634092435178,8734467510
853,88188744671899,26985308235
858,780324818975125,844927750596
859,23878048157376,32038312944
865,209557452606800,68560501854
871,74385123891818,27665275337
872,98120901419028,69907178580
874,10204287624960,20394244486
876,3881459076233528,991763831274
877,14395816973448,8745959628
878,946604105126742,651872244160
883,949828478446860,648659929005
890,18878743181396544,13382521959034
897,266452822088475,218410564950
899,9528915605805,19658912274
909,974837127017910,672633832101
913,154840084118545124,97069413601420
914,2893433695460352,1776963287944
932,278818476810532035,183070563954112
936,3387158346832507,3898124282404
937,7436824525020,19659367035
945,1960261618136,2911508284
953,4343752073792932,3992711083180
954,354766090779339522,238718720095246
955,1997950009125280,1237384319232
957,15702184608110,26206245504
958,228526760858470,116459171830
959,234519848943205168,192232027331762
966,1771673619116436,1800461371832
967,6365679053820,8734437765
974,12038782857319883,8356108821525
975,35423727965063289,22829110468290
976,81325647694197,65508283152
981,9641665880851030,5316475238611
983,631797184027200,387401264180
986,54014284859604713,34363724102660
996,565658997816948,186889326976
999,9217089675951955,6448222026729
1011,1149955998372160,1024952807296
1014,1573524594105530,968068086210
1015,376110166611176,171043598154
1020,219968232408434,150130427807
1021,105344847556915876,64248582961160
1023,77858560684245,81598072024
1026,30601641457254,10191097252
1029,91644823053654,97568760184
1041,1832874811994072,1444748101136
1044,9437579019629649,7774092783096
1045,1107455732220585,601304536965
1046,3779570872025730,3218620825976
1065,2440415707260310,1969513258559
1068,74956088684610,113716324904
1073,84119910752950,20381740876
1075,1110806770052304,648532004274
1077,40585611535036330,25959387368616
1080,973632909839176,1052760811161
1085,82978228031289052,62601274982588
1105,1288213103090968,1258772702733
1113,9642802980456,19654023816
1118,2361263643818651,1504377087542
1121,15942928641423360,14351879122359
1123,333587613679683,200981803164
1129,143105286648360,351623839152
1131,972326902484800,820494665599
1138,10110313624840,17482589872
1141,12599443644178405,10158056823017
1161,17282135352762395,9006130670334
1168,68892182440449,42218354454
1176,11075639199484886,4359077143462
1184,15013332794331184,12734960473278
1186,124502530780116181,101150215306560
1187,13891653360,500000000
1188,140955346825557,96564351576
1190,1849853009419038,1819667471986
1196,650946721283664,378545664120
1208,25086245578677369,14833443622400
1212,1118316645125424,969747209998
1214,1171504564331700,596394605664
1216,26020748452888,34230117437
1217,38636988247802,45877555836
1220,297113750866020,198945517772
1222,173563407552402,100469168606
1223,15231012503745,49498013688
1224,125008768510000,43678129460
1227,86905621369230687,73418165593783
1229,1000000,500000000
1241,78578666820296292,48858438792878
1245,78610100340807,97589837442
1246,65000007358959,148485442134
1247,56683561086424,32026271833
1252,5479404989171412,3610563058232
1256,9970868355960300,4492227293226
1260,58801091846679,32768751270
1262,223288317791490,255593042055
1269,435045701023836,688668749330
1275,125595678735675,73272497400
1294,7057800913364,11650928252
1296,116157292663244448,63678426927447
1300,233934366249558,67699733160
1327,43125985948822,56780172579
1333,21845423888860,34132959883
1338,1073866726748232,317422805470
1343,1148321083879983,1441799994228
1347,119485622384100,105550731050
1352,2346987887735,8006931086
1358,434282006547175,248237464774
1361,315369220354225455,213899619220425
1363,5886413527612894,4290159825035
1364,76993066971540,39321640620
1365,3179676014786700,1788878568580
1372,683754293901870,559232095728
1380,43850956834806,49554346724
1382,3207438155120,7278809350
1387,142028174350463973,98707065678000
1391,825491979556100,365517108400
1392,1333010649111219,192259538592
1394,28189054547561,42233726165
1395,3232219024205454,1974490169742
1398,449309224742580,669736355770
1404,1500302030295744,602942459328
1414,31681261244183593,17361948860223
1417,381499865287312852,254743142987664
1422,32329803308049,59640273579
1425,191353985244200,467217569701
1435,155342643491148,136858062161
1436,39558063800988,43677125232
1455,38387351744182254,30040798040968
1464,6619804954231,5099916136
1466,41935649959584857,28668508935668
1467,898943501049300,503844501426
1468,4090919191978473,2574505809408
1469,4214488908966645,2167119958020
1470,8764910238069350,7061179885792
1471,9464317521576747,6553166671935
1472,32923250298498300,20353551743664
1484,13092878265018592,8698690660094
1486,11144694389925051,6339870633712
1487,18516589588928223,15172515304648
1488,645587931755356,495143716864
1492,21478083125212672,15567756476428
1494,3120061375089108,2299864040982
1495,10541225119529475,5961056305932
1496,110584467796226,54680869200
1497,306649712200814,292972191693
1498,619114848314564,131335737300
1501,112946689488594320,59660977912192
1504,46209163160820,51687636551
1510,21903010016744780,13120373656962
1512,445798949428956,331998948074
1513,265597336372971998,206638574800952
1517,109830531671997651,64097840541960
1518,2448743470601580,1554843446942
1519,26163108667705590,19505405955204
1520,6026948900476188,4207753734240
1521,4042096180986754,2666705832416
1522,15445281039101640,11829394173879
1523,38633153607176898,25061353464056
1524,5475470541766589,3045571104532
1525,22267366352491420,13206120835000
1526,1159346262373125,586519115231
1527,15680781246903591,8650102789800
1528,1124506188125964,983607774525
1529,15438476713506374,9202987306746
1530,95734876976205720,68603464871172
1536,42531113241630,43673977992
1540,2967901166051520,2110878024150
1541,539838961556204916,274131998995344
1543,14723193065576510,11418924505310
1544,30726635355975,13848572066
1546,773543145806454,990444463796
1547,3876788047428,13829588900
1548,2768323834778183,1732259041968
1550,3475038563082636,2002097308750
1552,3122579669908055,1980256485600
1553,3046519472991486,2559044523910
1561,11766196991048976,8067822571496
1562,5965088043188064,3104194975440
1570,8953200620199150,8874748918400
1571,102241289799778924,74657530192700
1587,182964635002051,146191574550
1588,10792362945386154,8388253016754
1592,133300059779640,77890762029
1594,256468101598283,238023142604
1597,110375378758870,189463601535
1598,1353956328205572,832966432584
1599,2850870321965386,1761485017336
1600,10739088002939002,5373212045775
1601,22513770500130977,16961813061237
1602,1002190710602433,753516356514
1603,14728481878174660,10331686726752
1604,625044551652742000,470229245857923
1605,1978019270344768,1452304449225
1607,3109051292201508,1873910489308
1609,1074993984917520,180003497947
1613,3585452983062698,1290748397834
1614,336035557623011,222835550877
1617,832033494407170,608637647948
1618,37802672989514,49505919028
1619,637349240424127,445476612876
1620,193032122488428,183431546648
1621,26652868905278,85228371852
1623,54505126787999001,36994801472475
1624,17487455711172590,8547597051690
1627,6573262195745476,3124444032832
1628,4403784920484873,2948275473192
1629,5355567640651860,3703907553120
1630,560962792018100961,297465067005111
1631,807518327647648500,545687334269916
1632,636916772254850217,370219961975479
1633,20585633665132152,9117538926580
1637,66262188393685122,33595118012679
1639,65484093421115,38577100163
1641,62200619657784,81521419212
1642,375394626106650,283997842206
1646,2371859121993403,1124813711101
1647,338164418562152,256211108088
1649,51647048848299,30570532204
1650,50699990247526,36393490719
1651,51200038284075,72786981440
1652,55746889251433,43672188864
1657,74078251492227675,47669601663012
1658,1113289240598150,901957456857
1659,33213274600750,21878709330
1660,50490163917641,113548208160
1661,50477867784227,109180969386
1662,50449548554791,93895633671
1663,50475427431502,89528394897
1664,50485993966212,98262872445
1665,50466166329888,116459700676
1666,9579714331339,26203432641
1674,73862245545858,75689800576
1676,46209293010276,16018416150
1677,8226753524422875,8136420099903
1680,1746896768001900,1323747808748
1684,301378119438568857,229250178041058
1688,47155511754222384,45639245662244
1689,311191704611795,221322791040
1690,169884441281952,344384491598
1691,370856047866824,291214201808
1692,248006524846404,165992090088
1693,291317139863160,157255658406
1694,750934848992140,649139043971
1695,83695114770419555,58007574968235
1697,102711805320908,61154949933
1700,2619069708206490,1543434217596
1703,49828084878471,16760814863
1708,1248958522594944,840251141360
1709,52454376458476992,23279771629125
1714,15410185120075016,13602994155694
1715,32399628823604,25481186220
1717,116949964444509070,81693846412653
1722,56612936095560,26228844756
1726,30157648352083328,24406662778476
1728,2546400715827516,1039299158469
1731,7643387018670,10924508490
1732,5687823362765184,4387044154200
1733,8439558204444,17478290916
1734,2371922870987400,1905993964204
1735,8867599747990,3639614860
1739,684207691189330,418730989255
1740,28769122315128170,17033135074272
1743,862998156317344,942004675040
1745,1882689056871252,1030698741996
1747,74693829645532190,47987578514201
1750,82256909359612,50956421810
1752,606729152188692,307456977408
1756,147644712115600,235839318606
1760,88693790945916,45138061283
1765,64328597689869,110338464984
1766,64328591517480,39273012110
1767,64328684743223,95377346324
1768,64328591517480,65455020183
1769,64328594017480,50493873155
1797,44163575758635760,25319480144400
1801,4952069000689278,3743387616640
1804,768948837407732,215864422686
1805,432539426301408,318821473047
1806,62634479981880,45161280562
1807,379316749370832,236807138844
1808,196692516043833,137567396166
1811,459701253790646,327541419423
1812,328348612966030,251115088245
1813,525284465961168,360295561377
1814,459517717409373,336275857274
1815,657401923521950,320262721190
1816,393631698327684,315895502307
1817,525167047127640,343554555488
1818,1115788859146236,772997749740
1819,525465334888456,279502011248
1820,525357008944632,331908638344
1821,396119070298860,291954059886
1822,281386867861400,256210176728
1826,213886853075172,83705028640
1827,1048600762151264,710400938736
1829,1148425180331257752,754010110438983
1842,19702617381091510,13576626478184
1847,18443752223848,10190639760
1851,5955945283986,16742728146
1857,262711378756848,200892070592
1861,1434178833682445,938179789520
1864,205517607709898,211110852646
1866,10424181345837000,4718088110975
1867,131786998936741764,101895706003680
1870,7010202158545221,4816830216240
1873,2652254428531706,1635482311750
1874,20273105047921488,10371499607326
1876,1750126363843884,1706930037240
1881,5172876755794917,4174101726382
1882,4675978740301011,3805626451033
1884,167024375755421,59765214068
1885,154395255507710,91649195610
1888,68591248770940,45860982888
1893,182316423321315,171126242830
1900,2543478361117023,1455024005325
1901,30333575815920335,17413826613420
1903,100373838096559722,65801140398486
1920,607343295668294,199525251489
1922,3129438793335,3640744190
1924,651587510409572,347272752929
1925,14296035735428222,12075018347627
1926,631933881288,5823190088
1929,63942482185755,46585784848
1932,238143659931408,183507119802
1936,104713555899056,253326823068
1937,95105118991986,117962071389
1942,78889492187876550,53873361965455
1945,265772579580650,117968186754
1947,3750552941310,7282859465
1948,71895058127256,42947100463
1967,40578553715094,27693022462
1968,96399533406039,52406626626
1971,137191002576045,120099065592
1974,1058921956629826833,653038793962456
1975,344140701244413,405320185533
1976,7230310424786,7284981222
1978,9470992950665190,6626268889077
1979,13387062903296,13101757776
1982,19476316091512962,10724026378298
1986,21129226735750,26929944173
2000,79504899536496,75061406191
2006,150911141675154345,106625404365080
2009,18245361842857212,10850377930784
2020,131352190322922,82977159594
2021,131346775037066,133200177243
2022,328104809672835,203803549875
2023,262576451811404,171777277752
2024,262781087117012,186334674172
2025,197071660388082,133200177240
2026,197003460117540,131016567780
2027,262590823013452,189246153456
2028,197140956851520,148485443484
2029,394276212624270,231462603066
2030,393729398033154,205259289504
2031,262717566284816,174688757036
2032,328440604155145,232918342705
2033,131313792745546,80065680310
2034,131324781217716,72786982100
2035,1384124251432,9463451933
2044,40498029481044,8735228784
2047,1598284646071540,725442415000
2051,2003332269764,10191278258
2054,309435427164468,297020908312
2059,2701111300215387,1886171432400
2060,39517746607398150,23271715318671
2067,24551994599197,36444925275
2071,176966889086207,111414388690
2073,82838381513036,221296490376
2081,199344118169616,109322975950
2084,204877062010896,142691561957
2086,3762365711489268,1991463087264
2087,565042141607900,449589011832
2088,664941508825470,625904541561
2090,1530315697158630,1664083276602
2095,9920408669499,13831291395
2099,96424353934086,74242721058
2100,96393183365064,63324673848
2101,64256769004732,58229585148
2102,96446255736639,63324673845
2105,64271979511326,39304969974
2106,96409432505736,67691892735
2107,991113682118540,1104785360620
2109,64271827412032,40760709604
2111,96409058005422,67691892732
2113,96377627295246,65508283287
2114,128560094426172,78609939948
2115,161117582512425,122282128794
2116,64289248214602,46583668116
2117,36221446561029,13101656655
2119,236105418005600,280242611220
2120,64192397150102,34937751088
2121,64186602965884,42216449232
2124,445021671918808,195919554658
2127,37669221295255,24020086288
2130,4889740453650976,3443266263060
2131,2465749991912445,1589620753710
2138,240073008346764,117941629338
2148,2614577037621849,2271890428395
2152,145911451043864,128162637570
2155,64238572065852264,42075017128692
2158,732781243602716600,525859800034955
2159,259696648817312,163042912128
2168,3099104575963488,2543427701774
2174,1191798199058993247,858353803793460
2176,594442368074632,203075766828
2201,514733920881642,338542904660
2210,202349483221557,61154924943
2212,2113770578656,5823213640
2214,116204843588229,72062383899
2218,5846686379428609,2471817856555
2220,49784444712583,41585347025
2241,209781093525944,116483020840
2242,266042221533968,177450908922
2243,429499510721624,331254993550
2247,96641476727912256,76703462894646
2251,9322481526040,7278862960
2253,31058086335444,7281133040
2256,33512122598980,34945594056
2257,4317927701820,10922463100
2258,11886311010123,8738007660
2259,131868666077985,104109021775
2264,546746234455200,360333270660
2266,691328609901090,985983228404
2272,1673119608356140,1189955678869
2275,33702425700510,25506415655
2276,3038120079512,8739668118
2278,1239245813999268,753501270400
2294,2228877662067814,2443680611523
2307,259532045307817,309943283560
2313,72957451242100,54596400225
2316,2236005803941,12374928371
2323,1192425619360,7278872020
2326,208931570834728,142674131089
2327,103027790718720,78617636424
2328,71491597756854,96083149008
2332,87104814998698,108008500272
2333,124346970790,2183671176
2338,300468432957270,229281079880
2341,273440474762185,308922134242
2343,2571540968027675,1697008851906
2351,2178994871342301,1504267541420
2356,10334144583,500000000
2360,1138596155329750,1520643391290
2362,2639421526032291,2104912912032
2374,176739979086040,203803547080
2385,103449291745009,71379586642
2388,3239116658280,8736947916
2391,2019106070072023,1651104909468
2392,145605143605720,123752499700
2404,14358056545384,5823222996
2405,14547820629012,36339039250
2406,284650010502052,291227236120
2407,449738095151632,204078063616
2409,2173644953361636,1648689423906
2421,47877817349180,66246912264
2422,281905195682788,221462813051
2429,306614351736672,438362541186
2430,8795909894168,6552253269
2433,283128417248,2911684532
2439,72918965470500,113583124772
2444,1133206428641903,1684153266607
2445,108977885139221,196531995090
2455,1169776231369760356,753325339420563
2468,282170053056684,129589940750
2469,9388423510971,2183708577
2470,24203573453171,27680366847
2472,70347557767639390,45643412022228
2476,928378562867634411,654863306400716
2477,1444192602732403656,727371473761116
2478,47106240096396,80105060475
2481,59580645995472,32767504050
2483,80173032959964,16013317936
2484,47600761140936,253318357098
2500,879846452019615,947793796299
2520,54797787617013,62603799545
2523,2820326198930,8736075504
2525,7788813110295,3639365615
2526,5459667715047,5095111840
2532,8049001796858,17481774624
2533,5284241752482,12377154844
2543,41059950504984,61141842272
2553,3325052512962,4367317410
2560,1963052520345265,1301306466646
2562,1688546932527105,1821480587000
2563,5095201606916165,3349249588912
2570,33625571527440,25498745930
2573,55746890250046,37122372949
2580,1246393390131219,768735502722
2583,53889112019334,38605431451
2587,87675572604924,43682106954
2589,197127517493817,122282129928
2590,131280502036248,85888638878
2591,262837965408356,189246153456
2592,196933544087322,126649348854
2595,262591668151284,177600236320
2596,394333249374474,292603668030
2597,131410438746950,71331242458
2598,131416962371310,81521419952
2599,262747779174100,192157632740
2600,196980990341409,159403490802
2601,131424509704266,78609940668
2602,196946734627926,141934615095
2603,197029641175728,141934615095
2615,197005483248330,137567396169
2617,1004098145810166,637603377724
2623,1406552587185996,1060863417656
2629,119237631232105850,83734709427894
2634,1682626576600123,642000156588
2635,939103661414880,881777094078
2638,3503107398661024,2634664026954
2639,5123925691180670,3322441517532
2640,80447248921930,52408531776
2650,29317113676904,42954669750
2651,7431222530214,16747681886
2659,6844215687529428,5973759834588
2664,56945435117160,82981302506
2667,136252227585050,66235946868
2670,184827198425919,83034631972
2677,1154688073072710,1519394769900
2681,278404328277019,207490008402
2702,730820777128530,454190763864
2717,40035804678924,21836818755
2720,3694662514536,8736158424
2743,19852588096992,8750775672
2750,5322835520767804,4589012911054
2752,9038179635552,17493944610
2754,151833792473028,141935260185
2755,103342536185692,124466305095
2756,105702724546552,78610297953
2757,105727618126952,111364588770
2758,105780891756984,111364588770
2759,165741364555516,118030485468
2763,144503112827099,85199262057
2773,128978300391345,171564909387
2775,96011034151424,46588929248
2781,49581266499648,18207063175
2782,44872908003828,52533814266
2783,162854510633774792,110345971055925
2784,109051242045508,67697564028
2785,190212674432634,93202716160
2788,7488192108576,24020750622
2791,1849456673614441,610346174463
2804,352357259240016,301567267710
2821,475952062459509,241680181694
2825,45090732126186,13102252182
2829,620870461830,1455752806
2838,2251867580327655,1947459666328
2839,78753224199993,65508283287
2840,192292002604205,161617775741
2841,308657493623892,198755387523
2843,22440173021640,21838539825
2847,2809802304578265,947690791173
2849,37426201242622,53888646152
2851,60316184003952,34939339200
2863,37082988712528,13107374892
2864,114244336617193,111379235665
2877,13577819874087,16745159637
2884,1005730697065,7500000000
2899,87455270059146,119146446080
2901,1725011465,727869527
2904,148592295667049,77540400414
2907,1095808318942080,711882187705
2913,149165534402577,74291870374
2919,13387957657146,13833779027
2927,3185728801153,13104595470
2928,37286423057323,24045138238
2929,42720813633060,46589968336
2945,232520953294140,326132827520
2953,150664192370451,87510234490
2954,126228725730512,113845804540
2978,39668442851616,28388404473
2981,1024831097583528,815288225600
2982,46199991234087,45957618879
2983,9109446745333,20382553660
2987,9416863854705,4367417166
2988,38968213899654,13104607797
2989,59802836391424,58280300608
2995,21752706156691235,12394134826130
2999,131726517390117,122302472082
3000,614907913212,2183619321
3006,26300033117976,32024563285
3010,29356201570374,26203420629
3020,2769939677153886,3004883100104
3021,177066502158967,34871563776
3040,28101895354365,21836104245
3042,34354742741991,32822087328
3044,5030408382762,6553638309
3049,133514313784380,112219199675
3055,83261455632096,33485798417
3062,54767920881597,131044868220
3064,161964807283980,61895670770
3066,49960308156780,65511915138
3075,60725097239947,21109940101
3086,500854373927410,280293520920
3089,251175385070784,81951860656
3094,64845340602066,53394961105
3095,34719269717982,24208096553
3098,64858604211043,127404327134
3102,211882046947424,122337534984
3111,85757823830352,69882531888
3112,44300241390380,33567810690
3120,434508538235313,420804304732
3139,1565607249576,6551237259
3140,1965820237906,6552753822
3150,19930736977002,10192464618
3152,35002327753155,34941670464
3155,158931147577356,201940446552
3156,153445709321256,91715039073
3161,484294929510,10190571412
3164,55908901829048,156558160393
3179,1649901874163136,677800595241
3180,3152908561056,3640064190
3187,3119590441819,14560423000
3189,4166713938,1000000000
3190,773921663052,9462967501
3193,25162992217998,13102389972
3196,63932326743255,205359337232
3201,269427949869779373,145458322995519
3218,205113585397215,40033020390
3225,25393964805360,17472809382
3233,160517685892246,171068747871
3234,206950639383852,160932138419
3240,30745034221038,152169772854
3242,1919299319563650,1237938936276
3257,125584610128482427,85349543823831
3261,941472283725792,582322369808
3268,138337018526976,69877725888
3269,132360352814115,101947936940
3274,841203741532,5095767005
3280,63792373711146,45579366706
3281,63756745801070,52084250787
3282,63732325685525,59519797599
3283,63638677843654,57640969369
3293,1964601875768825,657693485968
3294,16023984397116,8769855144
3312,37956913961980,29121252500
3317,71325286488550,21840052320
3318,19059881838536,30570948856
3324,12229261660173,32754141648
3330,4208199988414,4377957411
3332,1132728096486,5095891220
3339,23659539633110,25476601415
3340,9411085854517,23291834056
3356,183822177225646010,139045955235000
3395,63662119407062,52996843261
3396,63651094146172,57643469737
3397,63661150356005,52066897913
3398,63606304982038,65071148264
3399,63434212244025,46451333685
3403,247761209758015,124482716100
3408,146190038255910,117930967848
3409,6029595961344,4367218902
3410,15027534821410656,11694016175412
3423,36135452264640,34939331568
3426,5032702395520,15285960942
3427,59396302672140,47311559360
3428,23399677549053,18947605352
3431,1170629912634264,838961722872
3436,10796705911920,8735215824
3437,784717713975425,605271151888
3449,18262470067740,8742069084
3455,891268221672,2183643201
3458,107760493728266,96079253058
3468,36931911928219,24019712574
3474,8502695779589,26204491320
3477,17593354622484,13112405424
3484,20532496513184,34952446560
3491,20584850217456,5823223220
3507,94949665616412288,55659044978633
3509,67509596488476684,24506574415560
3521,10185670415676,30571895697
3524,48926077068484,34944004800
3528,32878369149,2183617962
3541,23782273306480,34945489616
3542,44551917872861,50973761671
3553,216851765705562,240610183000
3581,405566323536,5822961072
3587,9262029782037,2183609484
3607,726853846569,2911520832
3615,159869282868,1455776420
3623,8876857537823280,6452335675236
3628,14219695602607,16016643929
3630,18009472588349,24019714741
3632,26488322451560,14560619000
3639,1253983275,1000000000
3659,1578524691296965,996710416144
3661,4522336442158,1455742940
3663,4421918,500000000
3676,40553010790082490,25170436644544
3678,53007796749414,37124720870
3693,12630013892797,5095111861
3704,11138487264040,4369042710
3717,8536273953405,26206680924
3742,8861818075350,13107228462
3747,215256393730,3639457850
3759,51199834657128,21836104350
3776,4180499256930,7278764060
3778,5426620959006,43676566830
3787,14908380309210,4367220852
3791,16006508725086,6550840215
3792,1828931669592,2183610429
3803,9460478555142,17468883474
3811,87622936661293,93167370752
3812,339726455811,2183700108
3824,4492808555250,3640132280
3827,986211396683406,550732987728
3838,17232000468126500,8396463510288
3841,74309273339496,28497287897
3852,64999997816010,50223017192
3853,65000027647561,41488579421
3855,131417567977299603,89374044470208
3862,560000512400,1455917298
3863,25002621698,727869823
3868,2545395037290,727870145
3869,40424516234220,26203325232
3872,34925418780045,7278701440
3876,6912575853654,2911496486
3881,91944621638081372,59316596061882
3884,733942637010,2184005421
3896,13201997279688,9155727841
3899,26979049801015,20380364084
3902,18389397819648,4367220858
3905,11203867067989334,7942531353482
3913,10188603825844,29114792570
3921,11267427998156,16020309756
3941,20026898336848,23291844640
